Time,header.seq,header.stamp.secs,header.stamp.nsecs,header.frame_id,latitude.data,longitude.data,altitude.data,easting.data,northing.data,zone_number.data,zone_letter.data
1644092146.2383356,4,1644092146,231083154,GPS_Data,42.33723166666667,-71.09018833333333,6.1,327808.9512637814,4689335.590945599,19,T
1644092147.2364674,5,1644092147,230654478,GPS_Data,42.33723166666667,-71.09018999999999,6.1,327808.8139569636,4689335.594320663,19,T
1644092148.2340188,6,1644092148,226697444,GPS_Data,42.33723166666667,-71.09018999999999,6.1,327808.8139569636,4689335.594320663,19,T
1644092149.240178,7,1644092149,232399940,GPS_Data,42.33723166666667,-71.09018999999999,6.2,327808.8139569636,4689335.594320663,19,T
1644092150.239101,8,1644092150,231723785,GPS_Data,42.33723166666667,-71.09018999999999,6.2,327808.8139569636,4689335.594320663,19,T
1644092151.238882,9,1644092151,231591463,GPS_Data,42.33723166666667,-71.09018999999999,6.2,327808.8139569636,4689335.594320663,19,T
1644092152.2353148,10,1644092152,228015661,GPS_Data,42.33723166666667,-71.09018999999999,6.2,327808.8139569636,4689335.594320663,19,T
1644092153.236108,11,1644092153,228812217,GPS_Data,42.33723166666667,-71.09019166666667,6.2,327808.67665014585,4689335.59769573,19,T
1644092154.2160244,12,1644092154,208351850,GPS_Data,42.33723166666667,-71.09019166666667,6.2,327808.67665014585,4689335.59769573,19,T
1644092155.2197511,13,1644092155,212651729,GPS_Data,42.33723166666667,-71.09019166666667,6.3,327808.67665014585,4689335.59769573,19,T
1644092156.209086,14,1644092156,201669931,GPS_Data,42.33723166666667,-71.09019166666667,6.3,327808.67665014585,4689335.59769573,19,T
1644092157.214052,15,1644092157,206790924,GPS_Data,42.33723333333334,-71.09019166666667,6.3,327808.6811992722,4689335.782766378,19,T
1644092158.21457,16,1644092158,207166910,GPS_Data,42.33723333333334,-71.09019333333335,6.3,327808.5438924602,4689335.786141447,19,T
1644092159.2136014,17,1644092159,206611156,GPS_Data,42.33723333333334,-71.09019333333335,6.3,327808.5438924602,4689335.786141447,19,T
1644092160.2118077,18,1644092160,204616546,GPS_Data,42.33723333333334,-71.09019333333335,6.3,327808.5438924602,4689335.786141447,19,T
1644092161.2068028,19,1644092161,199777841,GPS_Data,42.33723333333334,-71.09019333333335,6.4,327808.5438924602,4689335.786141447,19,T
1644092162.2062755,20,1644092162,198536872,GPS_Data,42.33723333333334,-71.09019333333335,6.4,327808.5438924602,4689335.786141447,19,T
1644092163.198799,21,1644092163,193889379,GPS_Data,42.33723333333334,-71.09019833333333,7.0,327808.13197202183,4689335.796266671,19,T
1644092164.2020288,22,1644092164,194710969,GPS_Data,42.33723,-71.090215,9.4,327806.74980553763,4689335.459876301,19,T
1644092165.2008727,23,1644092165,193873882,GPS_Data,42.33723,-71.09021666666666,10.3,327806.6124987182,4689335.463251408,19,T
1644092166.207851,24,1644092166,200122356,GPS_Data,42.33723,-71.09021666666666,10.3,327806.6124987182,4689335.463251408,19,T
1644092167.2037177,25,1644092167,196378707,GPS_Data,42.33723,-71.09021833333333,10.4,327806.47519189655,4689335.4666265175,19,T
1644092168.2086396,26,1644092168,201239585,GPS_Data,42.33723,-71.09021833333333,10.5,327806.47519189655,4689335.4666265175,19,T
1644092169.2075405,27,1644092169,200194358,GPS_Data,42.33723,-71.09021833333333,10.6,327806.47519189655,4689335.4666265175,19,T
1644092170.2075078,28,1644092170,200097799,GPS_Data,42.33723,-71.09022,10.7,327806.337885077,4689335.4700016305,19,T
1644092171.2091641,29,1644092171,202015399,GPS_Data,42.33723,-71.09022,10.7,327806.337885077,4689335.4700016305,19,T
1644092172.2018254,30,1644092172,194618940,GPS_Data,42.33723,-71.09022,10.8,327806.337885077,4689335.4700016305,19,T
1644092173.2091322,31,1644092173,201548576,GPS_Data,42.33723,-71.09022,10.8,327806.337885077,4689335.4700016305,19,T
1644092174.2105246,32,1644092174,203173637,GPS_Data,42.33723,-71.09022166666666,10.8,327806.2005782575,4689335.473376745,19,T
1644092175.2126987,33,1644092175,203041315,GPS_Data,42.33722833333333,-71.09022166666666,10.9,327806.1960290661,4689335.2883061,19,T
1644092176.2120643,34,1644092176,204731941,GPS_Data,42.33722833333333,-71.09022166666666,10.9,327806.1960290661,4689335.2883061,19,T
1644092177.210431,35,1644092177,203032493,GPS_Data,42.33722833333333,-71.09022166666666,10.9,327806.1960290661,4689335.2883061,19,T
1644092178.2023852,36,1644092178,195430517,GPS_Data,42.33722833333333,-71.09022166666666,11.0,327806.1960290661,4689335.2883061,19,T
1644092179.2042854,37,1644092179,197019815,GPS_Data,42.33722833333333,-71.09022166666666,11.0,327806.1960290661,4689335.2883061,19,T
1644092180.2044234,38,1644092180,196825504,GPS_Data,42.33722833333333,-71.09022166666666,11.0,327806.1960290661,4689335.2883061,19,T
1644092181.2086544,39,1644092181,201706171,GPS_Data,42.33722833333333,-71.09022166666666,11.0,327806.1960290661,4689335.2883061,19,T
1644092182.2090166,40,1644092182,201924800,GPS_Data,42.33722833333333,-71.09022333333334,11.0,327806.05872224085,4689335.291681218,19,T
1644092183.2081044,41,1644092183,201042413,GPS_Data,42.33722833333333,-71.09022333333334,11.0,327806.05872224085,4689335.291681218,19,T
1644092184.210085,42,1644092184,202741861,GPS_Data,42.33722833333333,-71.09022333333334,11.0,327806.05872224085,4689335.291681218,19,T
1644092185.2016485,43,1644092185,194154500,GPS_Data,42.33722833333333,-71.09022333333334,11.1,327806.05872224085,4689335.291681218,19,T
1644092186.2214808,44,1644092186,216289758,GPS_Data,42.33722833333333,-71.09022333333334,11.1,327806.05872224085,4689335.291681218,19,T
1644092187.2247672,45,1644092187,217562198,GPS_Data,42.33722833333333,-71.09022333333334,11.0,327806.05872224085,4689335.291681218,19,T
1644092188.2073922,46,1644092188,200301885,GPS_Data,42.33722833333333,-71.09022333333334,11.0,327806.05872224085,4689335.291681218,19,T
1644092189.22378,47,1644092189,216218948,GPS_Data,42.33722833333333,-71.09022333333334,11.0,327806.05872224085,4689335.291681218,19,T
1644092190.2243776,48,1644092190,214918613,GPS_Data,42.33722833333333,-71.09022333333334,11.0,327806.05872224085,4689335.291681218,19,T
1644092191.2249973,49,1644092191,217916250,GPS_Data,42.33722833333333,-71.09022333333334,11.0,327806.05872224085,4689335.291681218,19,T
1644092192.224074,50,1644092192,216370582,GPS_Data,42.33722833333333,-71.09022333333334,11.0,327806.05872224085,4689335.291681218,19,T
1644092193.2229898,51,1644092193,215406656,GPS_Data,42.33722833333333,-71.09022333333334,11.0,327806.05872224085,4689335.291681218,19,T
1644092194.204153,52,1644092194,197082042,GPS_Data,42.33722833333333,-71.09022166666666,11.0,327806.1960290661,4689335.2883061,19,T
1644092195.223054,53,1644092195,216110229,GPS_Data,42.33722833333333,-71.09022166666666,11.0,327806.1960290661,4689335.2883061,19,T
1644092196.21717,54,1644092196,210066318,GPS_Data,42.33722833333333,-71.09022166666666,10.9,327806.1960290661,4689335.2883061,19,T
1644092197.215007,55,1644092197,210242986,GPS_Data,42.33722833333333,-71.09022166666666,10.9,327806.1960290661,4689335.2883061,19,T
1644092198.2222755,56,1644092198,214649915,GPS_Data,42.33722833333333,-71.09022166666666,10.9,327806.1960290661,4689335.2883061,19,T
1644092199.2222576,57,1644092199,215043544,GPS_Data,42.33722833333333,-71.09022166666666,10.9,327806.1960290661,4689335.2883061,19,T
1644092200.2205393,58,1644092200,214726686,GPS_Data,42.33722833333333,-71.09022166666666,10.9,327806.1960290661,4689335.2883061,19,T
1644092201.2260623,59,1644092201,220470428,GPS_Data,42.33722833333333,-71.09022166666666,10.8,327806.1960290661,4689335.2883061,19,T
1644092202.22089,60,1644092202,213927984,GPS_Data,42.33722833333333,-71.09022166666666,10.8,327806.1960290661,4689335.2883061,19,T
1644092203.2278385,61,1644092203,220102310,GPS_Data,42.33722833333333,-71.09022166666666,10.8,327806.1960290661,4689335.2883061,19,T
1644092204.198565,62,1644092204,191612005,GPS_Data,42.33722833333333,-71.09022166666666,10.8,327806.1960290661,4689335.2883061,19,T
1644092205.199634,63,1644092205,196764945,GPS_Data,42.33722833333333,-71.09022166666666,10.8,327806.1960290661,4689335.2883061,19,T
1644092206.2033784,64,1644092206,195883512,GPS_Data,42.33722833333333,-71.09022166666666,10.7,327806.1960290661,4689335.2883061,19,T
1644092207.2038064,65,1644092207,196217298,GPS_Data,42.33722833333333,-71.09022166666666,10.7,327806.1960290661,4689335.2883061,19,T
1644092208.2031498,66,1644092208,196001529,GPS_Data,42.33722833333333,-71.09022166666666,10.7,327806.1960290661,4689335.2883061,19,T
1644092209.2035654,67,1644092209,196619987,GPS_Data,42.33722833333333,-71.09022166666666,10.7,327806.1960290661,4689335.2883061,19,T
1644092210.2007432,68,1644092210,195005178,GPS_Data,42.33722833333333,-71.09022,10.6,327806.33333588927,4689335.2849309845,19,T
1644092211.2027726,69,1644092211,195628881,GPS_Data,42.33722833333333,-71.09022,10.6,327806.33333588927,4689335.2849309845,19,T
1644092212.202718,70,1644092212,195126533,GPS_Data,42.33722833333333,-71.09022,10.6,327806.33333588927,4689335.2849309845,19,T
1644092213.2007463,71,1644092213,193308115,GPS_Data,42.33722833333333,-71.09022,10.6,327806.33333588927,4689335.2849309845,19,T
1644092214.1996014,72,1644092214,192098617,GPS_Data,42.33722833333333,-71.09022,10.6,327806.33333588927,4689335.2849309845,19,T
1644092215.2030387,73,1644092215,194595336,GPS_Data,42.33722833333333,-71.09022,10.6,327806.33333588927,4689335.2849309845,19,T
1644092216.2001164,74,1644092216,192745208,GPS_Data,42.33722833333333,-71.09022,10.6,327806.33333588927,4689335.2849309845,19,T
1644092217.1991725,75,1644092217,192581892,GPS_Data,42.33722833333333,-71.09022,10.6,327806.33333588927,4689335.2849309845,19,T
1644092218.1997797,76,1644092218,191884040,GPS_Data,42.33722833333333,-71.09022166666666,10.6,327806.1960290661,4689335.2883061,19,T
1644092219.1989079,77,1644092219,191676616,GPS_Data,42.33722666666666,-71.09022166666666,10.6,327806.1914798749,4689335.103235452,19,T
1644092220.1925824,78,1644092220,185048580,GPS_Data,42.33722666666666,-71.09022166666666,10.6,327806.1914798749,4689335.103235452,19,T
1644092221.1980705,79,1644092221,190676212,GPS_Data,42.33722666666666,-71.09022166666666,10.7,327806.1914798749,4689335.103235452,19,T
1644092222.1958325,80,1644092222,188334703,GPS_Data,42.33722666666666,-71.09022166666666,10.7,327806.1914798749,4689335.103235452,19,T
1644092223.1953337,81,1644092223,190190792,GPS_Data,42.33722666666666,-71.09022166666666,10.7,327806.1914798749,4689335.103235452,19,T
1644092224.1973221,82,1644092224,190175771,GPS_Data,42.33722666666666,-71.09022166666666,10.8,327806.1914798749,4689335.103235452,19,T
1644092225.1958916,83,1644092225,188694715,GPS_Data,42.33722666666666,-71.09022166666666,10.8,327806.1914798749,4689335.103235452,19,T
1644092226.1953745,84,1644092226,187771558,GPS_Data,42.33722666666666,-71.09022333333334,10.8,327806.054173046,4689335.106610571,19,T
1644092227.1959875,85,1644092227,188778400,GPS_Data,42.33722666666666,-71.09022333333334,10.9,327806.054173046,4689335.106610571,19,T
1644092228.186504,86,1644092228,181082010,GPS_Data,42.33722666666666,-71.09022333333334,10.9,327806.054173046,4689335.106610571,19,T
1644092229.1935122,87,1644092229,186032533,GPS_Data,42.33722666666666,-71.09022333333334,10.9,327806.054173046,4689335.106610571,19,T
1644092230.1936436,88,1644092230,186481237,GPS_Data,42.33722666666666,-71.09022333333334,11.0,327806.054173046,4689335.106610571,19,T
1644092231.188982,89,1644092231,186070442,GPS_Data,42.33722666666666,-71.09022333333334,11.0,327806.054173046,4689335.106610571,19,T
1644092232.1982312,90,1644092232,190565347,GPS_Data,42.33722666666666,-71.09022499999999,11.1,327805.91686621914,4689335.1099856915,19,T
1644092233.1938736,91,1644092233,186653852,GPS_Data,42.33722666666666,-71.09022499999999,11.1,327805.91686621914,4689335.1099856915,19,T
1644092234.1916697,92,1644092234,184566497,GPS_Data,42.33722666666666,-71.09022499999999,11.1,327805.91686621914,4689335.1099856915,19,T
1644092235.1918333,93,1644092235,184694528,GPS_Data,42.33722666666666,-71.09022499999999,11.2,327805.91686621914,4689335.1099856915,19,T
1644092236.1916265,94,1644092236,184533357,GPS_Data,42.33722666666666,-71.09022499999999,11.2,327805.91686621914,4689335.1099856915,19,T
1644092237.2099025,95,1644092237,201858043,GPS_Data,42.33722666666666,-71.09022666666667,11.3,327805.7795593902,4689335.113360815,19,T
1644092238.2013693,96,1644092238,194431304,GPS_Data,42.33722666666666,-71.09022666666667,11.3,327805.7795593902,4689335.113360815,19,T
1644092239.1911085,97,1644092239,183923244,GPS_Data,42.33722666666666,-71.09022666666667,11.4,327805.7795593902,4689335.113360815,19,T
1644092240.2041686,98,1644092240,198683500,GPS_Data,42.33722666666666,-71.09022666666667,11.4,327805.7795593902,4689335.113360815,19,T
1644092241.205637,99,1644092241,198671102,GPS_Data,42.33722666666666,-71.09022833333333,11.5,327805.6422525633,4689335.116735941,19,T
1644092242.2055938,100,1644092242,198599576,GPS_Data,42.337225000000004,-71.09022833333333,11.5,327805.6377033578,4689334.931665296,19,T
1644092243.2057781,101,1644092243,198568105,GPS_Data,42.337225000000004,-71.09022833333333,11.6,327805.6377033578,4689334.931665296,19,T
1644092244.1993525,102,1644092244,191845178,GPS_Data,42.337225000000004,-71.09022833333333,11.6,327805.6377033578,4689334.931665296,19,T
1644092245.186867,103,1644092245,179803609,GPS_Data,42.337225000000004,-71.09023,11.7,327805.5003965252,4689334.935040425,19,T
1644092246.2010138,104,1644092246,195549249,GPS_Data,42.337225000000004,-71.09023,11.8,327805.5003965252,4689334.935040425,19,T
1644092247.2034514,105,1644092247,196285009,GPS_Data,42.337225000000004,-71.09023,11.8,327805.5003965252,4689334.935040425,19,T
1644092248.202222,106,1644092248,199350833,GPS_Data,42.337225000000004,-71.09023166666665,11.9,327805.36308969674,4689334.938415556,19,T
1644092249.2016513,107,1644092249,195805072,GPS_Data,42.337225000000004,-71.09023166666665,12.0,327805.36308969674,4689334.938415556,19,T
1644092250.2027576,108,1644092250,195025205,GPS_Data,42.337225000000004,-71.09023166666665,12.1,327805.36308969674,4689334.938415556,19,T
1644092251.2059364,109,1644092251,196824789,GPS_Data,42.337225000000004,-71.09023333333333,12.2,327805.22578286415,4689334.941790691,19,T
1644092252.1936407,110,1644092252,186583995,GPS_Data,42.337223333333334,-71.09023333333333,12.2,327805.2212336478,4689334.756720044,19,T
1644092253.2030704,111,1644092253,194614171,GPS_Data,42.337223333333334,-71.09023333333333,12.3,327805.2212336478,4689334.756720044,19,T
1644092254.2018552,112,1644092254,194582223,GPS_Data,42.337223333333334,-71.09023499999999,12.4,327805.0839268115,4689334.760095181,19,T
1644092255.1810882,113,1644092255,176245450,GPS_Data,42.337223333333334,-71.09023499999999,12.5,327805.0839268115,4689334.760095181,19,T
1644092256.183585,114,1644092256,176290988,GPS_Data,42.337223333333334,-71.09023666666667,12.6,327804.94661997526,4689334.76347032,19,T
1644092257.1854265,115,1644092257,178060054,GPS_Data,42.337223333333334,-71.09023666666667,12.7,327804.94661997526,4689334.76347032,19,T
1644092258.18238,116,1644092258,175270557,GPS_Data,42.337223333333334,-71.09023666666667,12.8,327804.94661997526,4689334.76347032,19,T
1644092259.1817307,117,1644092259,174690723,GPS_Data,42.337223333333334,-71.09023833333335,12.9,327804.80931314104,4689334.766845462,19,T
1644092260.1858537,118,1644092260,178575515,GPS_Data,42.337223333333334,-71.09023833333335,13.0,327804.80931314104,4689334.766845462,19,T
1644092261.183148,119,1644092261,175989151,GPS_Data,42.337221666666665,-71.09024,13.1,327804.667457076,4689334.585149959,19,T
1644092262.1840699,120,1644092262,176755905,GPS_Data,42.337221666666665,-71.09024,13.2,327804.667457076,4689334.585149959,19,T
1644092263.1776814,121,1644092263,170541524,GPS_Data,42.337221666666665,-71.09024166666667,13.3,327804.5301502361,4689334.588525107,19,T
1644092264.1832693,122,1644092264,175393581,GPS_Data,42.337221666666665,-71.09024166666667,13.4,327804.5301502361,4689334.588525107,19,T
1644092265.1812522,123,1644092265,174267053,GPS_Data,42.337221666666665,-71.09024166666667,13.5,327804.5301502361,4689334.588525107,19,T
1644092266.1818218,124,1644092266,174647569,GPS_Data,42.337221666666665,-71.09024333333333,13.6,327804.3928433982,4689334.591900257,19,T
1644092267.18138,125,1644092267,174326181,GPS_Data,42.337221666666665,-71.09024333333333,13.7,327804.3928433982,4689334.591900257,19,T
1644092268.174059,126,1644092268,166554450,GPS_Data,42.337221666666665,-71.09024500000001,13.8,327804.2555365603,4689334.59527541,19,T
1644092269.1811945,127,1644092269,174022912,GPS_Data,42.337221666666665,-71.09024500000001,13.9,327804.2555365603,4689334.59527541,19,T
1644092270.1805758,128,1644092270,173428773,GPS_Data,42.337219999999995,-71.09024666666666,14.0,327804.1136804752,4689334.41357992,19,T
1644092271.180129,129,1644092271,172953605,GPS_Data,42.337219999999995,-71.09024666666666,14.1,327804.1136804752,4689334.41357992,19,T
1644092272.1800983,130,1644092272,173220634,GPS_Data,42.337219999999995,-71.09024666666666,14.2,327804.1136804752,4689334.41357992,19,T
1644092273.177077,131,1644092273,171318531,GPS_Data,42.337219999999995,-71.09024833333334,14.3,327803.97637363366,4689334.416955077,19,T
1644092274.1802404,132,1644092274,172632932,GPS_Data,42.337219999999995,-71.09024833333334,14.4,327803.97637363366,4689334.416955077,19,T
1644092275.1774576,133,1644092275,173386096,GPS_Data,42.337219999999995,-71.09025,14.5,327803.83906679205,4689334.4203302385,19,T
1644092276.172757,134,1644092276,165894985,GPS_Data,42.337219999999995,-71.09025,14.6,327803.83906679205,4689334.4203302385,19,T
1644092277.178597,135,1644092277,171116113,GPS_Data,42.337219999999995,-71.09025,14.7,327803.83906679205,4689334.4203302385,19,T
1644092278.176943,136,1644092278,169924497,GPS_Data,42.337219999999995,-71.09025166666667,14.8,327803.7017599484,4689334.423705403,19,T
1644092279.178076,137,1644092279,170671463,GPS_Data,42.33721833333334,-71.09025166666667,14.9,327803.69721069257,4689334.238634757,19,T
1644092280.1772516,138,1644092280,170166730,GPS_Data,42.33721833333334,-71.09025166666667,15.0,327803.69721069257,4689334.238634757,19,T
1644092281.1763897,139,1644092281,169452905,GPS_Data,42.33721833333334,-71.09025333333334,15.1,327803.5599038453,4689334.242009923,19,T
1644092282.176549,140,1644092282,169071912,GPS_Data,42.33721833333334,-71.09025333333334,15.1,327803.5599038453,4689334.242009923,19,T
1644092283.1765156,141,1644092283,169551849,GPS_Data,42.33721833333334,-71.09025333333334,15.2,327803.5599038453,4689334.242009923,19,T
1644092284.1761844,142,1644092284,169031858,GPS_Data,42.33721833333334,-71.090255,15.3,327803.4225970022,4689334.245385093,19,T
1644092285.1743321,143,1644092285,168754339,GPS_Data,42.33721833333334,-71.090255,15.4,327803.4225970022,4689334.245385093,19,T
1644092286.168815,144,1644092286,161160469,GPS_Data,42.33721833333334,-71.090255,15.5,327803.4225970022,4689334.245385093,19,T
1644092287.1756852,145,1644092287,168475866,GPS_Data,42.33721833333334,-71.09025666666666,15.6,327803.28529015486,4689334.248760263,19,T
1644092288.193299,146,1644092288,186423540,GPS_Data,42.33721666666667,-71.09025666666666,15.6,327803.2807408882,4689334.063689617,19,T
1644092289.1929505,147,1644092289,185417413,GPS_Data,42.33721666666667,-71.09025666666666,15.7,327803.2807408882,4689334.063689617,19,T
1644092290.1714804,148,1644092290,166661024,GPS_Data,42.33721666666667,-71.09025833333334,15.8,327803.1434340372,4689334.067064792,19,T
1644092291.191769,149,1644092291,184800863,GPS_Data,42.33721666666667,-71.09025833333334,15.8,327803.1434340372,4689334.067064792,19,T
1644092292.192885,150,1644092292,185925483,GPS_Data,42.33721666666667,-71.09025833333334,15.8,327803.1434340372,4689334.067064792,19,T
1644092293.194441,151,1644092293,188908576,GPS_Data,42.33721666666667,-71.09025833333334,15.8,327803.1434340372,4689334.067064792,19,T
1644092294.1950996,152,1644092294,188054084,GPS_Data,42.33721666666667,-71.09025833333334,15.9,327803.1434340372,4689334.067064792,19,T
1644092295.1977694,153,1644092295,190688371,GPS_Data,42.33721666666667,-71.09025833333334,15.9,327803.1434340372,4689334.067064792,19,T
1644092296.1816885,154,1644092296,174658775,GPS_Data,42.33721666666667,-71.09025833333334,15.9,327803.1434340372,4689334.067064792,19,T
1644092297.2012804,155,1644092297,194118499,GPS_Data,42.33721666666667,-71.09025833333334,15.8,327803.1434340372,4689334.067064792,19,T
1644092298.2027974,156,1644092298,195564270,GPS_Data,42.33721666666667,-71.09025833333334,15.8,327803.1434340372,4689334.067064792,19,T
1644092299.2056694,157,1644092299,198327541,GPS_Data,42.33721666666667,-71.09025666666666,15.8,327803.2807408882,4689334.063689617,19,T
1644092300.2003832,158,1644092300,192944288,GPS_Data,42.33721666666667,-71.09025666666666,15.8,327803.2807408882,4689334.063689617,19,T
1644092301.202434,159,1644092301,199984788,GPS_Data,42.33721666666667,-71.09025666666666,15.8,327803.2807408882,4689334.063689617,19,T
1644092302.2094843,160,1644092302,202309131,GPS_Data,42.33721666666667,-71.09025666666666,15.7,327803.2807408882,4689334.063689617,19,T
1644092303.2088056,161,1644092303,203710317,GPS_Data,42.33721666666667,-71.09025666666666,15.7,327803.2807408882,4689334.063689617,19,T
1644092304.2139475,162,1644092304,206666946,GPS_Data,42.33721666666667,-71.09025666666666,15.7,327803.2807408882,4689334.063689617,19,T
1644092305.2094169,163,1644092305,207235574,GPS_Data,42.33721666666667,-71.09025666666666,15.7,327803.2807408882,4689334.063689617,19,T
1644092306.1893854,164,1644092306,181886196,GPS_Data,42.33721666666667,-71.09025666666666,15.6,327803.2807408882,4689334.063689617,19,T
1644092307.1988232,165,1644092307,191343545,GPS_Data,42.33721666666667,-71.09025666666666,15.6,327803.2807408882,4689334.063689617,19,T
1644092308.2006505,166,1644092308,193104982,GPS_Data,42.33721666666667,-71.090255,15.6,327803.4180477392,4689334.060314447,19,T
1644092309.197841,167,1644092309,190679311,GPS_Data,42.33721666666667,-71.090255,15.6,327803.4180477392,4689334.060314447,19,T
1644092310.2017312,168,1644092310,194669723,GPS_Data,42.33721666666667,-71.090255,15.6,327803.4180477392,4689334.060314447,19,T
1644092311.2138827,169,1644092311,206709861,GPS_Data,42.33721666666667,-71.090255,15.6,327803.4180477392,4689334.060314447,19,T
1644092312.204417,170,1644092312,197080135,GPS_Data,42.33721666666667,-71.090255,15.6,327803.4180477392,4689334.060314447,19,T
1644092313.206417,171,1644092313,198995828,GPS_Data,42.33721666666667,-71.090255,15.6,327803.4180477392,4689334.060314447,19,T
1644092314.2076945,172,1644092314,200502157,GPS_Data,42.337215,-71.090255,15.6,327803.4134984763,4689333.8752438,19,T
1644092315.2035213,173,1644092315,201266527,GPS_Data,42.337215,-71.09025666666666,15.7,327803.27619162167,4689333.8786189705,19,T
1644092316.2111373,174,1644092316,203409671,GPS_Data,42.337215,-71.09025833333334,15.9,327803.1388847671,4689333.881994145,19,T
1644092317.2120092,175,1644092317,204789161,GPS_Data,42.337215,-71.09025833333334,16.1,327803.1388847671,4689333.881994145,19,T
1644092318.2033072,176,1644092318,198033094,GPS_Data,42.337215,-71.09026,16.2,327803.0015779146,4689333.885369322,19,T
1644092319.213127,177,1644092319,206176042,GPS_Data,42.337215,-71.09026166666666,16.4,327802.8642710621,4689333.888744502,19,T
1644092320.210484,178,1644092320,206333875,GPS_Data,42.337215,-71.09026333333333,16.5,327802.72696420737,4689333.892119685,19,T
1644092321.2141745,179,1644092321,207200050,GPS_Data,42.33721333333333,-71.09026333333333,16.7,327802.7224149265,4689333.707049037,19,T
1644092322.214535,180,1644092322,207620382,GPS_Data,42.33721333333333,-71.090265,16.8,327802.5851080703,4689333.710424222,19,T
1644092323.208068,181,1644092323,202724695,GPS_Data,42.33721333333333,-71.090265,16.9,327802.5851080703,4689333.710424222,19,T
1644092324.217304,182,1644092324,210172414,GPS_Data,42.33721333333333,-71.09026666666666,17.1,327802.4478012141,4689333.7137994105,19,T
1644092325.2175968,183,1644092325,210676670,GPS_Data,42.33721333333333,-71.09026833333334,17.2,327802.31049435574,4689333.717174601,19,T
1644092326.217537,184,1644092326,210616588,GPS_Data,42.33721333333333,-71.09026833333334,17.3,327802.31049435574,4689333.717174601,19,T
1644092327.2187428,185,1644092327,211630582,GPS_Data,42.33721333333333,-71.09026999999999,17.5,327802.1731874995,4689333.720549794,19,T
1644092328.2202287,186,1644092328,212953805,GPS_Data,42.33721333333333,-71.09027166666667,17.6,327802.03588064114,4689333.723924991,19,T
1644092329.220022,187,1644092329,213112115,GPS_Data,42.33721166666666,-71.09027166666667,17.7,327802.0313313423,4689333.538854343,19,T
1644092330.2199628,188,1644092330,212790250,GPS_Data,42.33721166666666,-71.09027333333333,17.9,327801.89402448235,4689333.542229541,19,T
1644092331.2206528,189,1644092331,213775157,GPS_Data,42.33721166666666,-71.09027333333333,17.9,327801.89402448235,4689333.542229541,19,T
1644092332.2212713,190,1644092332,214156150,GPS_Data,42.33721166666666,-71.09027333333333,18.0,327801.89402448235,4689333.542229541,19,T
1644092333.2176108,191,1644092333,213756322,GPS_Data,42.33721166666666,-71.090275,18.1,327801.75671762036,4689333.545604742,19,T
1644092334.2140813,192,1644092334,206888675,GPS_Data,42.33721166666666,-71.090275,18.2,327801.75671762036,4689333.545604742,19,T
1644092335.221688,193,1644092335,214778661,GPS_Data,42.33721166666666,-71.090275,18.2,327801.75671762036,4689333.545604742,19,T
1644092336.2224042,194,1644092336,215227365,GPS_Data,42.33721166666666,-71.090275,18.3,327801.75671762036,4689333.545604742,19,T
1644092337.2197948,195,1644092337,214449405,GPS_Data,42.33721166666666,-71.09027666666665,18.3,327801.61941076256,4689333.548979946,19,T
1644092338.2404559,196,1644092338,232882738,GPS_Data,42.33721166666666,-71.09027666666665,18.3,327801.61941076256,4689333.548979946,19,T
1644092339.224293,197,1644092339,216694355,GPS_Data,42.33721166666666,-71.09027666666665,18.4,327801.61941076256,4689333.548979946,19,T
1644092340.2347894,198,1644092340,227476835,GPS_Data,42.33721166666666,-71.09027666666665,18.4,327801.61941076256,4689333.548979946,19,T
1644092341.2417326,199,1644092341,234315156,GPS_Data,42.33721166666666,-71.09027833333333,18.5,327801.4821039005,4689333.5523551535,19,T
1644092342.2247925,200,1644092342,217530965,GPS_Data,42.337210000000006,-71.09027833333333,18.7,327801.4775545873,4689333.367284509,19,T
1644092343.2426965,201,1644092343,235531568,GPS_Data,42.337210000000006,-71.09027999999999,18.8,327801.34024772164,4689333.370659718,19,T
1644092344.2437606,202,1644092344,236625432,GPS_Data,42.337210000000006,-71.09027999999999,18.9,327801.34024772164,4689333.370659718,19,T
1644092345.224988,203,1644092345,218053340,GPS_Data,42.337210000000006,-71.09028166666667,19.0,327801.20294085593,4689333.37403493,19,T
1644092346.2437272,204,1644092346,236253023,GPS_Data,42.337210000000006,-71.09028333333335,19.2,327801.0656339923,4689333.377410145,19,T
1644092347.2275758,205,1644092347,220675945,GPS_Data,42.337210000000006,-71.09028333333335,19.3,327801.0656339923,4689333.377410145,19,T
1644092348.2370398,206,1644092348,230005502,GPS_Data,42.337210000000006,-71.090285,19.4,327800.92832712864,4689333.380785363,19,T
1644092349.2270067,207,1644092349,219989776,GPS_Data,42.337210000000006,-71.090285,19.6,327800.92832712864,4689333.380785363,19,T
1644092350.222169,208,1644092350,219911575,GPS_Data,42.337208333333336,-71.09028666666667,19.7,327800.7864709317,4689333.199089935,19,T
1644092351.2454674,209,1644092351,238262414,GPS_Data,42.337208333333336,-71.09028833333333,19.8,327800.6491640644,4689333.202465157,19,T
1644092352.2455587,210,1644092352,238670110,GPS_Data,42.337208333333336,-71.09028833333333,20.0,327800.6491640644,4689333.202465157,19,T
1644092353.2472966,211,1644092353,240188598,GPS_Data,42.337208333333336,-71.09029000000001,20.1,327800.51185719704,4689333.205840383,19,T
1644092354.2220478,212,1644092354,214961051,GPS_Data,42.337208333333336,-71.09029166666666,20.3,327800.37455032766,4689333.209215611,19,T
1644092355.22983,213,1644092355,222285509,GPS_Data,42.337208333333336,-71.09029166666666,20.4,327800.37455032766,4689333.209215611,19,T
1644092356.2482655,214,1644092356,241120338,GPS_Data,42.337208333333336,-71.09029333333334,20.5,327800.2372434604,4689333.212590842,19,T
1644092357.2478635,215,1644092357,240503311,GPS_Data,42.33720666666667,-71.09029333333334,20.7,327800.2326941148,4689333.027520197,19,T
1644092358.2409122,216,1644092358,233757495,GPS_Data,42.33720666666667,-71.090295,20.8,327800.0953872438,4689333.0308954315,19,T
1644092359.248636,217,1644092359,241772890,GPS_Data,42.33720666666667,-71.09029666666667,21.0,327799.9580803707,4689333.034270667,19,T
1644092360.2255068,218,1644092360,223122119,GPS_Data,42.33720666666667,-71.09029666666667,21.1,327799.9580803707,4689333.034270667,19,T
1644092361.2302816,219,1644092361,222871065,GPS_Data,42.33720666666667,-71.09029833333334,21.2,327799.8207734976,4689333.037645906,19,T
1644092362.2484484,220,1644092362,241292953,GPS_Data,42.33720666666667,-71.0903,21.4,327799.68346662866,4689333.041021148,19,T
1644092363.2292225,221,1644092363,222075939,GPS_Data,42.337205,-71.0903,21.5,327799.67891726864,4689332.8559505,19,T
1644092364.222646,222,1644092364,217191457,GPS_Data,42.33720666666667,-71.09029166666666,20.4,327800.3700009857,4689333.024144966,19,T
1644092365.220301,223,1644092365,217790365,GPS_Data,42.33720666666667,-71.09029166666666,20.5,327800.3700009857,4689333.024144966,19,T
1644092366.2295234,224,1644092366,222711801,GPS_Data,42.337205,-71.09029333333334,20.6,327800.22814476927,4689332.84244955,19,T
1644092367.231573,225,1644092367,224259138,GPS_Data,42.337205,-71.09029333333334,20.7,327800.22814476927,4689332.84244955,19,T
1644092368.2311022,226,1644092368,223873376,GPS_Data,42.337205,-71.090295,20.8,327800.09083789465,4689332.845824784,19,T
1644092369.2304788,227,1644092369,223373889,GPS_Data,42.337205,-71.090295,20.9,327800.09083789465,4689332.845824784,19,T
1644092370.22304,228,1644092370,217140913,GPS_Data,42.337205,-71.09029666666667,21.0,327799.95353101793,4689332.84920002,19,T
1644092371.2261522,229,1644092371,218617439,GPS_Data,42.337205,-71.09029666666667,21.1,327799.95353101793,4689332.84920002,19,T
1644092372.2250988,230,1644092372,218039035,GPS_Data,42.337205,-71.09029833333334,21.2,327799.81622414116,4689332.852575258,19,T
1644092373.2321439,231,1644092373,224359273,GPS_Data,42.337205,-71.09029833333334,21.3,327799.81622414116,4689332.852575258,19,T
1644092374.2314787,232,1644092374,224015474,GPS_Data,42.33720333333334,-71.09029833333334,21.4,327799.81167478504,4689332.667504612,19,T
1644092375.2277055,233,1644092375,224357366,GPS_Data,42.33720333333334,-71.0903,21.5,327799.67436790885,4689332.670879855,19,T
1644092376.232574,234,1644092376,225626468,GPS_Data,42.33720333333334,-71.0903,21.6,327799.67436790885,4689332.670879855,19,T
1644092377.231059,235,1644092377,224148511,GPS_Data,42.33720333333334,-71.09030166666666,21.7,327799.5370610284,4689332.674255099,19,T
1644092378.2317748,236,1644092378,224335670,GPS_Data,42.33720333333334,-71.09030166666666,21.8,327799.5370610284,4689332.674255099,19,T
1644092379.2318478,237,1644092379,224900722,GPS_Data,42.33720333333334,-71.09030333333334,21.9,327799.39975414803,4689332.677630346,19,T
1644092380.23269,238,1644092380,225204467,GPS_Data,42.33720333333334,-71.09030333333334,22.0,327799.39975414803,4689332.677630346,19,T
1644092381.23223,239,1644092381,224941730,GPS_Data,42.33720333333334,-71.09030333333334,22.1,327799.39975414803,4689332.677630346,19,T
1644092382.2247326,240,1644092382,217747688,GPS_Data,42.33720166666667,-71.090305,22.2,327799.25789789914,4689332.495934948,19,T
1644092383.234312,241,1644092383,227126836,GPS_Data,42.33720166666667,-71.090305,22.2,327799.25789789914,4689332.495934948,19,T
1644092384.2325952,242,1644092384,225348234,GPS_Data,42.33720166666667,-71.09030666666666,22.3,327799.1205910171,4689332.499310201,19,T
1644092385.2298796,243,1644092385,224240779,GPS_Data,42.33720166666667,-71.09030666666666,22.4,327799.1205910171,4689332.499310201,19,T
1644092386.231743,244,1644092386,224085330,GPS_Data,42.33720166666667,-71.09030833333333,22.5,327798.983284133,4689332.502685457,19,T
1644092387.231352,245,1644092387,223915815,GPS_Data,42.33720166666667,-71.09030833333333,22.6,327798.983284133,4689332.502685457,19,T
1644092388.2227702,246,1644092388,218703508,GPS_Data,42.3372,-71.09030833333333,22.6,327798.9787347553,4689332.317614809,19,T
1644092389.2438073,247,1644092389,236570119,GPS_Data,42.3372,-71.09031,22.7,327798.84142786765,4689332.320990067,19,T
1644092390.2315257,248,1644092390,224488019,GPS_Data,42.3372,-71.09031,22.8,327798.84142786765,4689332.320990067,19,T
1644092391.2490342,249,1644092391,241763114,GPS_Data,42.3372,-71.09031,22.9,327798.84142786765,4689332.320990067,19,T
1644092392.2497244,250,1644092392,242687463,GPS_Data,42.3372,-71.09031166666666,22.9,327798.70412098407,4689332.324365326,19,T
1644092393.249417,251,1644092393,242486953,GPS_Data,42.3372,-71.09031166666666,23.0,327798.70412098407,4689332.324365326,19,T
1644092394.2292042,252,1644092394,222293853,GPS_Data,42.3372,-71.09031166666666,23.1,327798.70412098407,4689332.324365326,19,T
1644092395.248895,253,1644092395,241616487,GPS_Data,42.337198333333326,-71.09031333333334,23.1,327798.56226470787,4689332.142669943,19,T
1644092396.2244763,254,1644092396,222121715,GPS_Data,42.337198333333326,-71.09031333333334,23.2,327798.56226470787,4689332.142669943,19,T
1644092397.2476301,255,1644092397,240371227,GPS_Data,42.337198333333326,-71.09031333333334,23.3,327798.56226470787,4689332.142669943,19,T
1644092398.2294693,256,1644092398,222493171,GPS_Data,42.337198333333326,-71.09031499999999,23.3,327798.4249578185,4689332.146045209,19,T
1644092399.247867,257,1644092399,240658998,GPS_Data,42.337198333333326,-71.09031499999999,23.3,327798.4249578185,4689332.146045209,19,T
1644092400.229673,258,1644092400,222714662,GPS_Data,42.337198333333326,-71.09031499999999,23.3,327798.4249578185,4689332.146045209,19,T
1644092401.2283828,259,1644092401,222644567,GPS_Data,42.337198333333326,-71.09031499999999,23.3,327798.4249578185,4689332.146045209,19,T
1644092402.2403376,260,1644092402,233134031,GPS_Data,42.337198333333326,-71.09031333333334,23.2,327798.56226470787,4689332.142669943,19,T
1644092403.2448976,261,1644092403,240548372,GPS_Data,42.337198333333326,-71.09031333333334,23.2,327798.56226470787,4689332.142669943,19,T
1644092404.2480159,262,1644092404,240837574,GPS_Data,42.337198333333326,-71.09031333333334,23.2,327798.56226470787,4689332.142669943,19,T
1644092405.2291276,263,1644092405,221961259,GPS_Data,42.337198333333326,-71.09031333333334,23.2,327798.56226470787,4689332.142669943,19,T
1644092406.2192056,264,1644092406,211669683,GPS_Data,42.337198333333326,-71.09031333333334,23.2,327798.56226470787,4689332.142669943,19,T
1644092407.2444515,265,1644092407,237185001,GPS_Data,42.337198333333326,-71.09031333333334,23.1,327798.56226470787,4689332.142669943,19,T
1644092408.2415185,266,1644092408,236830472,GPS_Data,42.337198333333326,-71.09031333333334,23.1,327798.56226470787,4689332.142669943,19,T
1644092409.2402089,267,1644092409,237111091,GPS_Data,42.337198333333326,-71.09031333333334,23.1,327798.56226470787,4689332.142669943,19,T
1644092410.2509007,268,1644092410,243698835,GPS_Data,42.337198333333326,-71.09031333333334,23.1,327798.56226470787,4689332.142669943,19,T
1644092411.2289226,269,1644092411,221812486,GPS_Data,42.337198333333326,-71.09031333333334,23.1,327798.56226470787,4689332.142669943,19,T
1644092412.2219615,270,1644092412,214793443,GPS_Data,42.337198333333326,-71.09031333333334,23.1,327798.56226470787,4689332.142669943,19,T
1644092413.248855,271,1644092413,241564750,GPS_Data,42.337198333333326,-71.09031333333334,23.1,327798.56226470787,4689332.142669943,19,T
1644092414.2160175,272,1644092414,210455894,GPS_Data,42.337198333333326,-71.09031333333334,23.1,327798.56226470787,4689332.142669943,19,T
1644092415.2243352,273,1644092415,218309164,GPS_Data,42.337198333333326,-71.09031333333334,23.1,327798.56226470787,4689332.142669943,19,T
1644092416.2259035,274,1644092416,218692064,GPS_Data,42.337198333333326,-71.09031166666666,23.0,327798.69957159925,4689332.13929468,19,T
1644092417.2295313,275,1644092417,222267389,GPS_Data,42.337198333333326,-71.09031166666666,23.0,327798.69957159925,4689332.13929468,19,T
1644092418.2172432,276,1644092418,211499691,GPS_Data,42.337198333333326,-71.09031166666666,23.0,327798.69957159925,4689332.13929468,19,T
1644092419.2217226,277,1644092419,214893102,GPS_Data,42.337198333333326,-71.09031166666666,23.0,327798.69957159925,4689332.13929468,19,T
1644092420.2270124,278,1644092420,220003843,GPS_Data,42.337198333333326,-71.09031166666666,23.0,327798.69957159925,4689332.13929468,19,T
1644092421.2293346,279,1644092421,222398757,GPS_Data,42.337198333333326,-71.09031166666666,23.0,327798.69957159925,4689332.13929468,19,T
1644092422.2293491,280,1644092422,222237348,GPS_Data,42.337198333333326,-71.09031166666666,23.0,327798.69957159925,4689332.13929468,19,T
1644092423.2288158,281,1644092423,221415996,GPS_Data,42.337198333333326,-71.09031166666666,23.0,327798.69957159925,4689332.13929468,19,T
1644092424.2298582,282,1644092424,222539663,GPS_Data,42.337198333333326,-71.09031166666666,23.0,327798.69957159925,4689332.13929468,19,T
1644092425.2244558,283,1644092425,221632480,GPS_Data,42.337198333333326,-71.09031166666666,23.0,327798.69957159925,4689332.13929468,19,T
1644092426.221711,284,1644092426,214671611,GPS_Data,42.337198333333326,-71.09031166666666,23.0,327798.69957159925,4689332.13929468,19,T
1644092427.2297924,285,1644092427,222589254,GPS_Data,42.337198333333326,-71.09031333333334,23.0,327798.56226470787,4689332.142669943,19,T
1644092428.2307663,286,1644092428,223661422,GPS_Data,42.337198333333326,-71.09031333333334,23.1,327798.56226470787,4689332.142669943,19,T
1644092429.2294126,287,1644092429,222639799,GPS_Data,42.33719666666666,-71.09031333333334,23.1,327798.55771531956,4689331.957599296,19,T
1644092430.2293942,288,1644092430,222507953,GPS_Data,42.33719666666666,-71.09031333333334,23.2,327798.55771531956,4689331.957599296,19,T
1644092431.2317493,289,1644092431,224188089,GPS_Data,42.33719666666666,-71.09031499999999,23.2,327798.4204084266,4689331.960974562,19,T
1644092432.2304626,290,1644092432,223352432,GPS_Data,42.33719666666666,-71.09031499999999,23.3,327798.4204084266,4689331.960974562,19,T
1644092433.2301548,291,1644092433,222858190,GPS_Data,42.33719666666666,-71.09031499999999,23.3,327798.4204084266,4689331.960974562,19,T
1644092434.229484,292,1644092434,222622871,GPS_Data,42.33719666666666,-71.09031499999999,23.4,327798.4204084266,4689331.960974562,19,T
1644092435.2297883,293,1644092435,222620010,GPS_Data,42.33719666666666,-71.09031666666667,23.4,327798.28310153156,4689331.964349831,19,T
1644092436.2246695,294,1644092436,217299938,GPS_Data,42.33719666666666,-71.09031666666667,23.5,327798.28310153156,4689331.964349831,19,T
1644092437.232148,295,1644092437,224822521,GPS_Data,42.337195,-71.09031666666667,23.5,327798.2785521362,4689331.779279186,19,T
1644092438.2305555,296,1644092438,223280906,GPS_Data,42.337195,-71.09031666666667,23.6,327798.2785521362,4689331.779279186,19,T
1644092439.2295432,297,1644092439,224002599,GPS_Data,42.337195,-71.09031833333333,23.6,327798.14124523965,4689331.782654458,19,T
1644092440.2474415,298,1644092440,239881992,GPS_Data,42.337195,-71.09031833333333,23.7,327798.14124523965,4689331.782654458,19,T
1644092441.2253966,299,1644092441,222256183,GPS_Data,42.337195,-71.09031833333333,23.8,327798.14124523965,4689331.782654458,19,T
1644092442.2305858,300,1644092442,223687887,GPS_Data,42.337195,-71.09031833333333,23.8,327798.14124523965,4689331.782654458,19,T
1644092443.2480233,301,1644092443,240635633,GPS_Data,42.337195,-71.09032,23.8,327798.00393834093,4689331.786029731,19,T
1644092444.2482104,302,1644092444,241090774,GPS_Data,42.337195,-71.09032,23.9,327798.00393834093,4689331.786029731,19,T
1644092445.2325258,303,1644092445,225367307,GPS_Data,42.337195,-71.09032,23.9,327798.00393834093,4689331.786029731,19,T
1644092446.2515473,304,1644092446,243763685,GPS_Data,42.337195,-71.09032,24.0,327798.00393834093,4689331.786029731,19,T
1644092447.2273185,305,1644092447,221847057,GPS_Data,42.337195,-71.09032,23.9,327798.00393834093,4689331.786029731,19,T
1644092448.247459,306,1644092448,240355491,GPS_Data,42.337195,-71.09032,23.9,327798.00393834093,4689331.786029731,19,T
1644092449.220329,307,1644092449,214644908,GPS_Data,42.337195,-71.09032,23.9,327798.00393834093,4689331.786029731,19,T
1644092450.2425857,308,1644092450,235032081,GPS_Data,42.337195,-71.09032,23.9,327798.00393834093,4689331.786029731,19,T
1644092451.2304575,309,1644092451,223179340,GPS_Data,42.33719333333333,-71.09032,23.9,327797.9993889383,4689331.600959084,19,T
1644092452.2498608,310,1644092452,242646694,GPS_Data,42.33719333333333,-71.09032,23.9,327797.9993889383,4689331.600959084,19,T
1644092453.2341473,311,1644092453,226712942,GPS_Data,42.33719333333333,-71.09032,23.9,327797.9993889383,4689331.600959084,19,T
1644092454.2395005,312,1644092454,232400655,GPS_Data,42.33719333333333,-71.09032,23.9,327797.9993889383,4689331.600959084,19,T
1644092455.2493782,313,1644092455,242370843,GPS_Data,42.33719333333333,-71.09032,23.9,327797.9993889383,4689331.600959084,19,T
1644092456.2298477,314,1644092456,222723245,GPS_Data,42.33719333333333,-71.09032,23.9,327797.9993889383,4689331.600959084,19,T
1644092457.2438483,315,1644092457,240554571,GPS_Data,42.33719333333333,-71.09032,23.9,327797.9993889383,4689331.600959084,19,T
1644092458.247728,316,1644092458,240750551,GPS_Data,42.33719333333333,-71.09032,23.9,327797.9993889383,4689331.600959084,19,T
1644092459.2293575,317,1644092459,222283601,GPS_Data,42.33719333333333,-71.09032,23.9,327797.9993889383,4689331.600959084,19,T
1644092460.2423024,318,1644092460,234917402,GPS_Data,42.33719333333333,-71.09032,23.9,327797.9993889383,4689331.600959084,19,T
1644092461.2496526,319,1644092461,242635011,GPS_Data,42.33719333333333,-71.09032,23.9,327797.9993889383,4689331.600959084,19,T
1644092462.2294571,320,1644092462,222452402,GPS_Data,42.33719333333333,-71.09032,23.8,327797.9993889383,4689331.600959084,19,T
1644092463.230821,321,1644092463,223727941,GPS_Data,42.33719333333333,-71.09032,23.8,327797.9993889383,4689331.600959084,19,T
1644092464.2496698,322,1644092464,242331743,GPS_Data,42.33719333333333,-71.09032,23.8,327797.9993889383,4689331.600959084,19,T
1644092465.2309058,323,1644092465,223525285,GPS_Data,42.33719333333333,-71.09032,23.8,327797.9993889383,4689331.600959084,19,T
1644092466.2337263,324,1644092466,226658582,GPS_Data,42.33719333333333,-71.09032,23.8,327797.9993889383,4689331.600959084,19,T
1644092467.2230759,325,1644092467,216055631,GPS_Data,42.33719333333333,-71.09031833333333,23.8,327798.13669584075,4689331.597583811,19,T
1644092468.223034,326,1644092468,216032028,GPS_Data,42.33719166666666,-71.09031333333334,23.9,327798.5440671555,4689331.402387357,19,T
1644092469.2350163,327,1644092469,227999210,GPS_Data,42.33719166666666,-71.09031333333334,23.9,327798.5440671555,4689331.402387357,19,T
1644092470.2291822,328,1644092470,225843429,GPS_Data,42.33719166666666,-71.09031333333334,23.9,327798.5440671555,4689331.402387357,19,T
1644092471.2293336,329,1644092471,223589658,GPS_Data,42.33719166666666,-71.09031333333334,23.9,327798.5440671555,4689331.402387357,19,T
1644092472.2349792,330,1644092472,227783918,GPS_Data,42.33719166666666,-71.09031333333334,23.9,327798.5440671555,4689331.402387357,19,T
1644092473.2273471,331,1644092473,218776226,GPS_Data,42.33719166666666,-71.09031166666666,23.8,327798.68137406145,4689331.399012095,19,T
1644092474.2312305,332,1644092474,222875595,GPS_Data,42.33718999999999,-71.09030666666666,23.5,327799.0887454017,4689331.203815674,19,T
1644092475.2322516,333,1644092475,224509000,GPS_Data,42.33718999999999,-71.09030666666666,23.5,327799.0887454017,4689331.203815674,19,T
1644092476.2365887,334,1644092476,229717731,GPS_Data,42.33718999999999,-71.09030666666666,23.5,327799.0887454017,4689331.203815674,19,T
1644092477.2364523,335,1644092477,229683399,GPS_Data,42.33718999999999,-71.09030666666666,23.5,327799.0887454017,4689331.203815674,19,T
1644092478.2294233,336,1644092478,222093820,GPS_Data,42.33718999999999,-71.09030666666666,23.5,327799.0887454017,4689331.203815674,19,T
1644092479.236582,337,1644092479,229452371,GPS_Data,42.33718999999999,-71.09030666666666,23.5,327799.0887454017,4689331.203815674,19,T
1644092480.2359211,338,1644092480,228203058,GPS_Data,42.33718999999999,-71.09030666666666,23.5,327799.0887454017,4689331.203815674,19,T
1644092481.2335906,339,1644092481,227740049,GPS_Data,42.33718999999999,-71.09030666666666,23.5,327799.0887454017,4689331.203815674,19,T
1644092482.235769,340,1644092482,228518486,GPS_Data,42.33718999999999,-71.09030666666666,23.5,327799.0887454017,4689331.203815674,19,T
1644092483.2356386,341,1644092483,228469848,GPS_Data,42.33718999999999,-71.09030666666666,23.5,327799.0887454017,4689331.203815674,19,T
1644092484.2294552,342,1644092484,222119569,GPS_Data,42.33718999999999,-71.09030666666666,23.5,327799.0887454017,4689331.203815674,19,T
1644092485.2238915,343,1644092485,221063613,GPS_Data,42.33718999999999,-71.09030666666666,23.5,327799.0887454017,4689331.203815674,19,T
1644092486.2346745,344,1644092486,227508068,GPS_Data,42.33718999999999,-71.09030666666666,23.5,327799.0887454017,4689331.203815674,19,T
1644092487.2354612,345,1644092487,228452682,GPS_Data,42.33718999999999,-71.09030666666666,23.5,327799.0887454017,4689331.203815674,19,T
1644092488.2356455,346,1644092488,228657484,GPS_Data,42.33718999999999,-71.09030666666666,23.4,327799.0887454017,4689331.203815674,19,T
1644092489.2351847,347,1644092489,228192806,GPS_Data,42.33718999999999,-71.09030666666666,23.4,327799.0887454017,4689331.203815674,19,T
1644092490.2539442,348,1644092490,246522426,GPS_Data,42.33718999999999,-71.09030666666666,23.4,327799.0887454017,4689331.203815674,19,T
1644092491.2368417,349,1644092491,229544401,GPS_Data,42.33718999999999,-71.09030666666666,23.4,327799.0887454017,4689331.203815674,19,T
1644092492.2285664,350,1644092492,221510887,GPS_Data,42.33718999999999,-71.090305,23.4,327799.22605230904,4689331.200440424,19,T
1644092493.2541149,351,1644092493,246699333,GPS_Data,42.33718999999999,-71.090305,23.4,327799.22605230904,4689331.200440424,19,T
1644092494.2527516,352,1644092494,245661258,GPS_Data,42.33718999999999,-71.090305,23.4,327799.22605230904,4689331.200440424,19,T
1644092495.235363,353,1644092495,228461742,GPS_Data,42.33718999999999,-71.090305,23.4,327799.22605230904,4689331.200440424,19,T
1644092496.2529979,354,1644092496,247443914,GPS_Data,42.33718999999999,-71.090305,23.4,327799.22605230904,4689331.200440424,19,T
1644092497.2535324,355,1644092497,248339414,GPS_Data,42.33718999999999,-71.090305,23.4,327799.22605230904,4689331.200440424,19,T
1644092498.2329845,356,1644092498,227342367,GPS_Data,42.33718999999999,-71.090305,23.3,327799.22605230904,4689331.200440424,19,T
1644092499.254955,357,1644092499,249639987,GPS_Data,42.33718999999999,-71.090305,23.3,327799.22605230904,4689331.200440424,19,T
1644092500.2357593,358,1644092500,230481147,GPS_Data,42.33718999999999,-71.090305,23.3,327799.22605230904,4689331.200440424,19,T
1644092501.2539153,359,1644092501,246843338,GPS_Data,42.33718999999999,-71.090305,23.3,327799.22605230904,4689331.200440424,19,T
1644092502.2335467,360,1644092502,227999925,GPS_Data,42.33718999999999,-71.090305,23.3,327799.22605230904,4689331.200440424,19,T
1644092503.253411,361,1644092503,249222040,GPS_Data,42.33718999999999,-71.090305,23.3,327799.22605230904,4689331.200440424,19,T
1644092504.2548234,362,1644092504,247380495,GPS_Data,42.33718999999999,-71.090305,23.3,327799.22605230904,4689331.200440424,19,T
1644092505.235978,363,1644092505,228517532,GPS_Data,42.33718833333334,-71.090305,23.3,327799.2215029397,4689331.0153697785,19,T
1644092506.2534232,364,1644092506,246360063,GPS_Data,42.33718833333334,-71.090305,23.3,327799.2215029397,4689331.0153697785,19,T
1644092507.2361841,365,1644092507,229291439,GPS_Data,42.33718833333334,-71.090305,23.2,327799.2215029397,4689331.0153697785,19,T
1644092508.2478104,366,1644092508,240787267,GPS_Data,42.33718833333334,-71.090305,23.2,327799.2215029397,4689331.0153697785,19,T
1644092509.2539725,367,1644092509,246682167,GPS_Data,42.33718833333334,-71.090305,23.2,327799.2215029397,4689331.0153697785,19,T
1644092510.2356064,368,1644092510,227864503,GPS_Data,42.33718833333334,-71.090305,23.2,327799.2215029397,4689331.0153697785,19,T
1644092511.253383,369,1644092511,246320962,GPS_Data,42.33718833333334,-71.090305,23.2,327799.2215029397,4689331.0153697785,19,T
1644092512.2546582,370,1644092512,247715950,GPS_Data,42.33718833333334,-71.090305,23.2,327799.2215029397,4689331.0153697785,19,T
1644092513.2358618,371,1644092513,228429317,GPS_Data,42.33718833333334,-71.090305,23.2,327799.2215029397,4689331.0153697785,19,T
1644092514.2545621,372,1644092514,247275829,GPS_Data,42.33718833333334,-71.090305,23.2,327799.2215029397,4689331.0153697785,19,T
1644092515.2367053,373,1644092515,229449510,GPS_Data,42.33718833333334,-71.090305,23.2,327799.2215029397,4689331.0153697785,19,T
1644092516.2297614,374,1644092516,222172737,GPS_Data,42.33718833333334,-71.090305,23.2,327799.2215029397,4689331.0153697785,19,T
1644092517.2338343,375,1644092517,228741884,GPS_Data,42.33718833333334,-71.090305,23.2,327799.2215029397,4689331.0153697785,19,T
1644092518.235357,376,1644092518,228389739,GPS_Data,42.33718833333334,-71.090305,23.2,327799.2215029397,4689331.0153697785,19,T
1644092519.2363994,377,1644092519,229023694,GPS_Data,42.33718833333334,-71.090305,23.2,327799.2215029397,4689331.0153697785,19,T
1644092520.2352583,378,1644092520,228239774,GPS_Data,42.33718833333334,-71.090305,23.2,327799.2215029397,4689331.0153697785,19,T
1644092521.2334514,379,1644092521,229077339,GPS_Data,42.33718833333334,-71.090305,23.2,327799.2215029397,4689331.0153697785,19,T
1644092522.2344637,380,1644092522,227364301,GPS_Data,42.33718833333334,-71.090305,23.2,327799.2215029397,4689331.0153697785,19,T
1644092523.2351544,381,1644092523,228011608,GPS_Data,42.33718833333334,-71.090305,23.2,327799.2215029397,4689331.0153697785,19,T
1644092524.235149,382,1644092524,228039264,GPS_Data,42.33718833333334,-71.090305,23.2,327799.2215029397,4689331.0153697785,19,T
1644092525.2350438,383,1644092525,227342605,GPS_Data,42.33718833333334,-71.090305,23.3,327799.2215029397,4689331.0153697785,19,T
1644092526.227098,384,1644092526,219369649,GPS_Data,42.33718833333334,-71.090305,23.3,327799.2215029397,4689331.0153697785,19,T
1644092527.2366903,385,1644092527,229689359,GPS_Data,42.33718833333334,-71.090305,23.3,327799.2215029397,4689331.0153697785,19,T
1644092528.234913,386,1644092528,227849006,GPS_Data,42.33718833333334,-71.090305,23.3,327799.2215029397,4689331.0153697785,19,T
1644092529.2334628,387,1644092529,226355314,GPS_Data,42.33718833333334,-71.090305,23.3,327799.2215029397,4689331.0153697785,19,T
1644092530.2336736,388,1644092530,226663589,GPS_Data,42.33718833333334,-71.090305,23.3,327799.2215029397,4689331.0153697785,19,T
1644092531.2347257,389,1644092531,227759122,GPS_Data,42.33718833333334,-71.090305,23.3,327799.2215029397,4689331.0153697785,19,T
1644092532.234455,390,1644092532,227561712,GPS_Data,42.33718833333334,-71.090305,23.3,327799.2215029397,4689331.0153697785,19,T
1644092533.2378492,391,1644092533,230608701,GPS_Data,42.33718833333334,-71.090305,23.3,327799.2215029397,4689331.0153697785,19,T
1644092534.2350242,392,1644092534,227869987,GPS_Data,42.33718833333334,-71.090305,23.3,327799.2215029397,4689331.0153697785,19,T
1644092535.235729,393,1644092535,228892564,GPS_Data,42.33718833333334,-71.090305,23.2,327799.2215029397,4689331.0153697785,19,T
1644092536.2340837,394,1644092536,226849794,GPS_Data,42.33718833333334,-71.090305,23.2,327799.2215029397,4689331.0153697785,19,T
1644092537.2330308,395,1644092537,225682020,GPS_Data,42.33718833333334,-71.090305,23.2,327799.2215029397,4689331.0153697785,19,T
1644092538.2376823,396,1644092538,226647138,GPS_Data,42.33718833333334,-71.090305,23.2,327799.2215029397,4689331.0153697785,19,T
1644092539.232724,397,1644092539,227109432,GPS_Data,42.33718833333334,-71.090305,23.2,327799.2215029397,4689331.0153697785,19,T
1644092540.2257214,398,1644092540,218707561,GPS_Data,42.33718833333334,-71.090305,23.2,327799.2215029397,4689331.0153697785,19,T
1644092541.2506266,399,1644092541,243213415,GPS_Data,42.33718833333334,-71.090305,23.2,327799.2215029397,4689331.0153697785,19,T
1644092542.2327714,400,1644092542,225201368,GPS_Data,42.33718833333334,-71.090305,23.2,327799.2215029397,4689331.0153697785,19,T
1644092543.2320335,401,1644092543,224878787,GPS_Data,42.33718833333334,-71.090305,23.2,327799.2215029397,4689331.0153697785,19,T
1644092544.249607,402,1644092544,242665290,GPS_Data,42.33718833333334,-71.090305,23.2,327799.2215029397,4689331.0153697785,19,T
1644092545.2511852,403,1644092545,244294881,GPS_Data,42.33718666666667,-71.090305,23.2,327799.2169535704,4689330.8302991325,19,T
1644092546.2315462,404,1644092546,224228858,GPS_Data,42.33718666666667,-71.090305,23.2,327799.2169535704,4689330.8302991325,19,T
1644092547.249791,405,1644092547,242675304,GPS_Data,42.33718666666667,-71.090305,23.2,327799.2169535704,4689330.8302991325,19,T
1644092548.2513707,406,1644092548,244106531,GPS_Data,42.33718666666667,-71.090305,23.2,327799.2169535704,4689330.8302991325,19,T
1644092549.2332554,407,1644092549,226397037,GPS_Data,42.33718666666667,-71.090305,23.2,327799.2169535704,4689330.8302991325,19,T
1644092550.2470257,408,1644092550,243988513,GPS_Data,42.33718666666667,-71.090305,23.2,327799.2169535704,4689330.8302991325,19,T
1644092551.2331386,409,1644092551,226314544,GPS_Data,42.33718666666667,-71.090305,23.2,327799.2169535704,4689330.8302991325,19,T
1644092552.2448363,410,1644092552,237468242,GPS_Data,42.33718666666667,-71.090305,23.2,327799.2169535704,4689330.8302991325,19,T
1644092553.2284932,411,1644092553,226311922,GPS_Data,42.33718666666667,-71.090305,23.2,327799.2169535704,4689330.8302991325,19,T
1644092554.2532856,412,1644092554,245981216,GPS_Data,42.33718666666667,-71.090305,23.2,327799.2169535704,4689330.8302991325,19,T
1644092555.2522821,413,1644092555,245051383,GPS_Data,42.33718666666667,-71.090305,23.2,327799.2169535704,4689330.8302991325,19,T
1644092556.2274766,414,1644092556,220273494,GPS_Data,42.33718666666667,-71.090305,23.1,327799.2169535704,4689330.8302991325,19,T
1644092557.251295,415,1644092557,244059324,GPS_Data,42.33718666666667,-71.090305,23.1,327799.2169535704,4689330.8302991325,19,T
1644092558.2510252,416,1644092558,243802309,GPS_Data,42.33718666666667,-71.090305,23.1,327799.2169535704,4689330.8302991325,19,T
1644092559.2526588,417,1644092559,245565176,GPS_Data,42.33718666666667,-71.09030333333334,23.1,327799.35426048504,4689330.826923883,19,T
1644092560.2331815,418,1644092560,225924015,GPS_Data,42.33718666666667,-71.09030333333334,23.1,327799.35426048504,4689330.826923883,19,T
1644092561.2511244,419,1644092561,244249343,GPS_Data,42.33718666666667,-71.09030333333334,23.1,327799.35426048504,4689330.826923883,19,T
1644092562.2520895,420,1644092562,245224475,GPS_Data,42.33718666666667,-71.09030333333334,23.1,327799.35426048504,4689330.826923883,19,T
1644092563.2334034,421,1644092563,226618528,GPS_Data,42.33718666666667,-71.09030333333334,23.1,327799.35426048504,4689330.826923883,19,T
1644092564.245351,422,1644092564,238346815,GPS_Data,42.33718666666667,-71.09030333333334,23.1,327799.35426048504,4689330.826923883,19,T
1644092565.230525,423,1644092565,223516941,GPS_Data,42.33718666666667,-71.09030333333334,23.1,327799.35426048504,4689330.826923883,19,T
1644092566.235614,424,1644092566,228164672,GPS_Data,42.33718666666667,-71.09030333333334,23.0,327799.35426048504,4689330.826923883,19,T
1644092567.2312026,425,1644092567,223975181,GPS_Data,42.33718666666667,-71.09030333333334,23.0,327799.35426048504,4689330.826923883,19,T
1644092568.2326956,426,1644092568,225542068,GPS_Data,42.33718666666667,-71.09030333333334,23.0,327799.35426048504,4689330.826923883,19,T
1644092569.2334015,427,1644092569,225942134,GPS_Data,42.33718666666667,-71.09030333333334,23.0,327799.35426048504,4689330.826923883,19,T
1644092570.2308815,428,1644092570,225085973,GPS_Data,42.33718666666667,-71.09030333333334,23.0,327799.35426048504,4689330.826923883,19,T
1644092571.2331884,429,1644092571,226118326,GPS_Data,42.33718666666667,-71.09030333333334,23.0,327799.35426048504,4689330.826923883,19,T
1644092572.2315428,430,1644092572,223865032,GPS_Data,42.33718666666667,-71.09030333333334,23.0,327799.35426048504,4689330.826923883,19,T
1644092573.230147,431,1644092573,223191738,GPS_Data,42.33718666666667,-71.09030333333334,23.0,327799.35426048504,4689330.826923883,19,T
1644092574.2246516,432,1644092574,217300176,GPS_Data,42.33718666666667,-71.09030333333334,23.0,327799.35426048504,4689330.826923883,19,T
1644092575.2330136,433,1644092575,225699901,GPS_Data,42.33718666666667,-71.09030333333334,22.9,327799.35426048504,4689330.826923883,19,T
1644092576.2307053,434,1644092576,223607301,GPS_Data,42.33718666666667,-71.09030333333334,22.9,327799.35426048504,4689330.826923883,19,T
1644092577.229062,435,1644092577,223469018,GPS_Data,42.33718666666667,-71.09030333333334,22.9,327799.35426048504,4689330.826923883,19,T
1644092578.2302518,436,1644092578,224600315,GPS_Data,42.33718666666667,-71.09030333333334,22.9,327799.35426048504,4689330.826923883,19,T
1644092579.2317858,437,1644092579,224679231,GPS_Data,42.33718666666667,-71.09030333333334,22.9,327799.35426048504,4689330.826923883,19,T
1644092580.2257707,438,1644092580,217543840,GPS_Data,42.33718666666667,-71.09030333333334,22.9,327799.35426048504,4689330.826923883,19,T
1644092581.2307386,439,1644092581,223410606,GPS_Data,42.33718666666667,-71.09030333333334,22.9,327799.35426048504,4689330.826923883,19,T
1644092582.2295094,440,1644092582,224792242,GPS_Data,42.33718666666667,-71.09030333333334,22.9,327799.35426048504,4689330.826923883,19,T
1644092583.2331696,441,1644092583,225897550,GPS_Data,42.33718666666667,-71.09030333333334,22.9,327799.35426048504,4689330.826923883,19,T
1644092584.2318804,442,1644092584,224625110,GPS_Data,42.33718666666667,-71.09030333333334,22.9,327799.35426048504,4689330.826923883,19,T
1644092585.2335656,443,1644092585,225613594,GPS_Data,42.33718666666667,-71.09030333333334,22.8,327799.35426048504,4689330.826923883,19,T
1644092586.229729,444,1644092586,222673892,GPS_Data,42.33718666666667,-71.09030333333334,22.8,327799.35426048504,4689330.826923883,19,T
1644092587.2332525,445,1644092587,225670099,GPS_Data,42.33718666666667,-71.09030166666666,22.8,327799.49156740174,4689330.8235486355,19,T
1644092588.2214699,446,1644092588,214385747,GPS_Data,42.33718666666667,-71.09030166666666,22.8,327799.49156740174,4689330.8235486355,19,T
1644092589.2282197,447,1644092589,220525026,GPS_Data,42.33718666666667,-71.09030166666666,22.8,327799.49156740174,4689330.8235486355,19,T
1644092590.2273955,448,1644092590,220431089,GPS_Data,42.33718666666667,-71.09030166666666,22.8,327799.49156740174,4689330.8235486355,19,T
1644092591.227977,449,1644092591,220957279,GPS_Data,42.33718666666667,-71.09030166666666,22.8,327799.49156740174,4689330.8235486355,19,T
1644092592.2470753,450,1644092592,239609956,GPS_Data,42.33718666666667,-71.09030166666666,22.8,327799.49156740174,4689330.8235486355,19,T
1644092593.229795,451,1644092593,224355220,GPS_Data,42.33718666666667,-71.09030166666666,22.8,327799.49156740174,4689330.8235486355,19,T
1644092594.2231996,452,1644092594,216299533,GPS_Data,42.33718666666667,-71.09030166666666,22.8,327799.49156740174,4689330.8235486355,19,T
1644092595.2469811,453,1644092595,239605665,GPS_Data,42.33718666666667,-71.09030166666666,22.8,327799.49156740174,4689330.8235486355,19,T
1644092596.2482407,454,1644092596,241322755,GPS_Data,42.33718666666667,-71.09030166666666,22.7,327799.49156740174,4689330.8235486355,19,T
1644092597.2318366,455,1644092597,224545240,GPS_Data,42.33718666666667,-71.09030166666666,22.7,327799.49156740174,4689330.8235486355,19,T
1644092598.241655,456,1644092598,234488725,GPS_Data,42.33718666666667,-71.09030166666666,22.7,327799.49156740174,4689330.8235486355,19,T
1644092599.2500405,457,1644092599,242647647,GPS_Data,42.33718666666667,-71.09030166666666,22.7,327799.49156740174,4689330.8235486355,19,T
1644092600.2321784,458,1644092600,225073099,GPS_Data,42.33718666666667,-71.09030166666666,22.7,327799.49156740174,4689330.8235486355,19,T
1644092601.2487504,459,1644092601,241828441,GPS_Data,42.33718666666667,-71.09030166666666,22.7,327799.49156740174,4689330.8235486355,19,T
1644092602.2310205,460,1644092602,223893404,GPS_Data,42.33718666666667,-71.09030166666666,22.7,327799.49156740174,4689330.8235486355,19,T
1644092603.2487986,461,1644092603,241611957,GPS_Data,42.33718666666667,-71.09030166666666,22.7,327799.49156740174,4689330.8235486355,19,T
1644092604.2296803,462,1644092604,222371816,GPS_Data,42.33718666666667,-71.09030166666666,22.7,327799.49156740174,4689330.8235486355,19,T
1644092605.2447655,463,1644092605,240523576,GPS_Data,42.33718666666667,-71.09030166666666,22.7,327799.49156740174,4689330.8235486355,19,T
1644092606.2388604,464,1644092606,231674909,GPS_Data,42.33718666666667,-71.09030166666666,22.7,327799.49156740174,4689330.8235486355,19,T
1644092607.2478325,465,1644092607,240587234,GPS_Data,42.33718666666667,-71.09030166666666,22.7,327799.49156740174,4689330.8235486355,19,T
1644092608.2479715,466,1644092608,240415811,GPS_Data,42.33718666666667,-71.09030166666666,22.7,327799.49156740174,4689330.8235486355,19,T
1644092609.246738,467,1644092609,239326477,GPS_Data,42.33718666666667,-71.09030166666666,22.7,327799.49156740174,4689330.8235486355,19,T
1644092610.2210805,468,1644092610,213885784,GPS_Data,42.33718666666667,-71.09030166666666,22.7,327799.49156740174,4689330.8235486355,19,T
1644092611.2409546,469,1644092611,233617305,GPS_Data,42.33718666666667,-71.09030166666666,22.7,327799.49156740174,4689330.8235486355,19,T
1644092612.2217948,470,1644092612,214443206,GPS_Data,42.33718666666667,-71.09030166666666,22.7,327799.49156740174,4689330.8235486355,19,T
1644092613.2487383,471,1644092613,245773553,GPS_Data,42.33718666666667,-71.09030166666666,22.7,327799.49156740174,4689330.8235486355,19,T
1644092614.2283802,472,1644092614,221325159,GPS_Data,42.33718666666667,-71.09030166666666,22.7,327799.49156740174,4689330.8235486355,19,T
1644092615.2481582,473,1644092615,240785598,GPS_Data,42.33718666666667,-71.09030166666666,22.7,327799.49156740174,4689330.8235486355,19,T
1644092616.2304208,474,1644092616,223315477,GPS_Data,42.33718666666667,-71.09030166666666,22.7,327799.49156740174,4689330.8235486355,19,T
1644092617.233665,475,1644092617,226200342,GPS_Data,42.33718666666667,-71.09030166666666,22.7,327799.49156740174,4689330.8235486355,19,T
1644092618.2184808,476,1644092618,213436603,GPS_Data,42.33718666666667,-71.09030166666666,22.7,327799.49156740174,4689330.8235486355,19,T
1644092619.2320137,477,1644092619,225002765,GPS_Data,42.33718666666667,-71.09030166666666,22.7,327799.49156740174,4689330.8235486355,19,T
1644092620.2284126,478,1644092620,221391677,GPS_Data,42.33718666666667,-71.09030166666666,22.7,327799.49156740174,4689330.8235486355,19,T
1644092621.2309105,479,1644092621,223884105,GPS_Data,42.33718666666667,-71.09030166666666,22.7,327799.49156740174,4689330.8235486355,19,T
1644092622.2209587,480,1644092622,215700387,GPS_Data,42.33718666666667,-71.09030166666666,22.7,327799.49156740174,4689330.8235486355,19,T
1644092623.2298915,481,1644092623,224469184,GPS_Data,42.33718666666667,-71.09030166666666,22.7,327799.49156740174,4689330.8235486355,19,T
1644092624.2290444,482,1644092624,223347187,GPS_Data,42.33718666666667,-71.09030166666666,22.7,327799.49156740174,4689330.8235486355,19,T
1644092625.2300558,483,1644092625,223181009,GPS_Data,42.33718666666667,-71.09030166666666,22.7,327799.49156740174,4689330.8235486355,19,T
1644092626.229551,484,1644092626,222612619,GPS_Data,42.33718666666667,-71.09030166666666,22.7,327799.49156740174,4689330.8235486355,19,T
1644092627.229529,485,1644092627,222723007,GPS_Data,42.33718666666667,-71.09030166666666,22.7,327799.49156740174,4689330.8235486355,19,T
1644092628.2233558,486,1644092628,215967655,GPS_Data,42.33718666666667,-71.09030166666666,22.7,327799.49156740174,4689330.8235486355,19,T
1644092629.22986,487,1644092629,222712278,GPS_Data,42.33718666666667,-71.09030166666666,22.6,327799.49156740174,4689330.8235486355,19,T
1644092630.2284148,488,1644092630,221348285,GPS_Data,42.33718666666667,-71.09030166666666,22.6,327799.49156740174,4689330.8235486355,19,T
1644092631.2288287,489,1644092631,221679210,GPS_Data,42.33718666666667,-71.09030166666666,22.6,327799.49156740174,4689330.8235486355,19,T
1644092632.2296965,490,1644092632,222705125,GPS_Data,42.33718666666667,-71.09030166666666,22.6,327799.49156740174,4689330.8235486355,19,T
1644092633.229105,491,1644092633,222231864,GPS_Data,42.33718666666667,-71.09030166666666,22.6,327799.49156740174,4689330.8235486355,19,T
1644092634.229465,492,1644092634,222531318,GPS_Data,42.33718666666667,-71.09030166666666,22.6,327799.49156740174,4689330.8235486355,19,T
1644092635.229465,493,1644092635,222630500,GPS_Data,42.33718666666667,-71.09030166666666,22.6,327799.49156740174,4689330.8235486355,19,T
1644092636.22886,494,1644092636,221896886,GPS_Data,42.33718666666667,-71.09030166666666,22.6,327799.49156740174,4689330.8235486355,19,T
1644092637.2333684,495,1644092637,226196527,GPS_Data,42.33718666666667,-71.09030166666666,22.6,327799.49156740174,4689330.8235486355,19,T
1644092638.2281203,496,1644092638,220845222,GPS_Data,42.33718666666667,-71.09030166666666,22.6,327799.49156740174,4689330.8235486355,19,T
1644092639.229253,497,1644092639,222285985,GPS_Data,42.33718666666667,-71.09030166666666,22.6,327799.49156740174,4689330.8235486355,19,T
1644092640.229397,498,1644092640,222419738,GPS_Data,42.33718666666667,-71.09030166666666,22.6,327799.49156740174,4689330.8235486355,19,T
1644092641.2287698,499,1644092641,221772909,GPS_Data,42.33718666666667,-71.09030166666666,22.6,327799.49156740174,4689330.8235486355,19,T
1644092642.2384667,500,1644092642,231467008,GPS_Data,42.33718666666667,-71.09030166666666,22.6,327799.49156740174,4689330.8235486355,19,T
1644092643.2294512,501,1644092643,222530603,GPS_Data,42.33718666666667,-71.09030166666666,22.6,327799.49156740174,4689330.8235486355,19,T
1644092644.2286437,502,1644092644,221433639,GPS_Data,42.33718666666667,-71.09030166666666,22.6,327799.49156740174,4689330.8235486355,19,T
1644092645.2281928,503,1644092645,222679615,GPS_Data,42.33718666666667,-71.09030166666666,22.6,327799.49156740174,4689330.8235486355,19,T
1644092646.2448483,504,1644092646,239796876,GPS_Data,42.33718666666667,-71.09030166666666,22.6,327799.49156740174,4689330.8235486355,19,T
1644092647.2411695,505,1644092647,234087944,GPS_Data,42.33718666666667,-71.09030166666666,22.6,327799.49156740174,4689330.8235486355,19,T
1644092648.229246,506,1644092648,222247362,GPS_Data,42.33718666666667,-71.09030166666666,22.6,327799.49156740174,4689330.8235486355,19,T
1644092649.2461603,507,1644092649,238686800,GPS_Data,42.33718666666667,-71.09030166666666,22.6,327799.49156740174,4689330.8235486355,19,T
1644092650.2463531,508,1644092650,239473581,GPS_Data,42.33718666666667,-71.09030333333334,22.6,327799.35426048504,4689330.826923883,19,T
1644092651.2473395,509,1644092651,240222454,GPS_Data,42.337185,-71.09030333333334,22.6,327799.34971111955,4689330.6418532375,19,T
1644092652.2219489,510,1644092652,214856863,GPS_Data,42.337185,-71.09030333333334,22.6,327799.34971111955,4689330.6418532375,19,T
1644092653.2219005,511,1644092653,214630603,GPS_Data,42.337185,-71.09030333333334,22.6,327799.34971111955,4689330.6418532375,19,T
1644092654.245999,512,1644092654,238751888,GPS_Data,42.337185,-71.09030333333334,22.6,327799.34971111955,4689330.6418532375,19,T
1644092655.2294796,513,1644092655,222434282,GPS_Data,42.337185,-71.09030333333334,22.6,327799.34971111955,4689330.6418532375,19,T
1644092656.2469559,514,1644092656,239469528,GPS_Data,42.337185,-71.09030333333334,22.6,327799.34971111955,4689330.6418532375,19,T
1644092657.2477677,515,1644092657,240327358,GPS_Data,42.337185,-71.09030333333334,22.6,327799.34971111955,4689330.6418532375,19,T
1644092658.2440774,516,1644092658,239252805,GPS_Data,42.337185,-71.09030333333334,22.6,327799.34971111955,4689330.6418532375,19,T
1644092659.2372956,517,1644092659,231967687,GPS_Data,42.337185,-71.09030333333334,22.6,327799.34971111955,4689330.6418532375,19,T
1644092660.2379792,518,1644092660,230746269,GPS_Data,42.337185,-71.09030333333334,22.6,327799.34971111955,4689330.6418532375,19,T
1644092661.2275276,519,1644092661,220685720,GPS_Data,42.337185,-71.09030333333334,22.6,327799.34971111955,4689330.6418532375,19,T
1644092662.2454996,520,1644092662,237968206,GPS_Data,42.337185,-71.09030333333334,22.6,327799.34971111955,4689330.6418532375,19,T
1644092663.2456114,521,1644092663,238507747,GPS_Data,42.337185,-71.09030333333334,22.6,327799.34971111955,4689330.6418532375,19,T
1644092664.226744,522,1644092664,219239950,GPS_Data,42.337185,-71.09030333333334,22.6,327799.34971111955,4689330.6418532375,19,T
1644092665.2434928,523,1644092665,239540815,GPS_Data,42.337185,-71.09030333333334,22.6,327799.34971111955,4689330.6418532375,19,T
1644092666.2195494,524,1644092666,212379217,GPS_Data,42.337185,-71.09030333333334,22.6,327799.34971111955,4689330.6418532375,19,T
1644092667.223266,525,1644092667,219566345,GPS_Data,42.337185,-71.09030333333334,22.6,327799.34971111955,4689330.6418532375,19,T
1644092668.2308316,526,1644092668,223614454,GPS_Data,42.337185,-71.09030333333334,22.6,327799.34971111955,4689330.6418532375,19,T
1644092669.2292218,527,1644092669,222234010,GPS_Data,42.337185,-71.09030333333334,22.6,327799.34971111955,4689330.6418532375,19,T
1644092670.2207165,528,1644092670,213803291,GPS_Data,42.337185,-71.09030333333334,22.6,327799.34971111955,4689330.6418532375,19,T
1644092671.2254016,529,1644092671,221837043,GPS_Data,42.337185,-71.09030333333334,22.6,327799.34971111955,4689330.6418532375,19,T
1644092672.2282124,530,1644092672,220820188,GPS_Data,42.337185,-71.09030333333334,22.6,327799.34971111955,4689330.6418532375,19,T
1644092673.2281256,531,1644092673,220942497,GPS_Data,42.337185,-71.09030333333334,22.6,327799.34971111955,4689330.6418532375,19,T
1644092674.227045,532,1644092674,219855070,GPS_Data,42.337185,-71.09030333333334,22.6,327799.34971111955,4689330.6418532375,19,T
1644092675.2264361,533,1644092675,219181060,GPS_Data,42.337185,-71.09030333333334,22.6,327799.34971111955,4689330.6418532375,19,T
1644092676.221608,534,1644092676,214182615,GPS_Data,42.337185,-71.09030333333334,22.6,327799.34971111955,4689330.6418532375,19,T
1644092677.2213197,535,1644092677,214168548,GPS_Data,42.337185,-71.09030333333334,22.6,327799.34971111955,4689330.6418532375,19,T
1644092678.2277462,536,1644092678,220439434,GPS_Data,42.337185,-71.09030333333334,22.6,327799.34971111955,4689330.6418532375,19,T
1644092679.228922,537,1644092679,221752405,GPS_Data,42.337185,-71.09030333333334,22.6,327799.34971111955,4689330.6418532375,19,T
1644092680.228108,538,1644092680,220923662,GPS_Data,42.337185,-71.09030333333334,22.6,327799.34971111955,4689330.6418532375,19,T
1644092681.2277756,539,1644092681,220568895,GPS_Data,42.337185,-71.09030333333334,22.6,327799.34971111955,4689330.6418532375,19,T
1644092682.2280135,540,1644092682,220562696,GPS_Data,42.33718666666667,-71.0903,22.2,327799.62887431844,4689330.820173391,19,T
1644092683.2316282,541,1644092683,224184513,GPS_Data,42.33718666666667,-71.0903,22.2,327799.62887431844,4689330.820173391,19,T
1644092684.218234,542,1644092684,214238166,GPS_Data,42.33718666666667,-71.09029666666667,21.9,327799.9034881476,4689330.813422912,19,T
1644092685.2281635,543,1644092685,220733642,GPS_Data,42.33718666666667,-71.09029666666667,21.9,327799.9034881476,4689330.813422912,19,T
1644092686.2294638,544,1644092686,221839427,GPS_Data,42.33718666666667,-71.09029666666667,21.9,327799.9034881476,4689330.813422912,19,T
1644092687.2284293,545,1644092687,221334218,GPS_Data,42.33718666666667,-71.09029666666667,21.9,327799.9034881476,4689330.813422912,19,T
1644092688.228252,546,1644092688,221305131,GPS_Data,42.33718666666667,-71.09029666666667,21.9,327799.9034881476,4689330.813422912,19,T
1644092689.2294583,547,1644092689,222054004,GPS_Data,42.33718666666667,-71.09029666666667,21.9,327799.9034881476,4689330.813422912,19,T
1644092690.2213287,548,1644092690,213801145,GPS_Data,42.33718666666667,-71.09029666666667,21.9,327799.9034881476,4689330.813422912,19,T
1644092691.2283413,549,1644092691,220809459,GPS_Data,42.33718666666667,-71.09029666666667,21.9,327799.9034881476,4689330.813422912,19,T
1644092692.2289114,550,1644092692,221285820,GPS_Data,42.33718666666667,-71.09029666666667,21.9,327799.9034881476,4689330.813422912,19,T
1644092693.2461152,551,1644092693,238656044,GPS_Data,42.33718666666667,-71.09029666666667,21.9,327799.9034881476,4689330.813422912,19,T
1644092694.2280464,552,1644092694,219864368,GPS_Data,42.33718666666667,-71.09029666666667,21.9,327799.9034881476,4689330.813422912,19,T
1644092695.2224574,553,1644092695,215546131,GPS_Data,42.33718666666667,-71.09029666666667,21.9,327799.9034881476,4689330.813422912,19,T
1644092696.2288837,554,1644092696,221775770,GPS_Data,42.33718666666667,-71.09029666666667,21.9,327799.9034881476,4689330.813422912,19,T
1644092697.2464893,555,1644092697,239007949,GPS_Data,42.33718666666667,-71.09029833333334,21.9,327799.7661812309,4689330.816798151,19,T
1644092698.2462523,556,1644092698,239140510,GPS_Data,42.33718666666667,-71.09029833333334,21.9,327799.7661812309,4689330.816798151,19,T
1644092699.2297466,557,1644092699,222587585,GPS_Data,42.33718666666667,-71.09029833333334,22.0,327799.7661812309,4689330.816798151,19,T
1644092700.2415347,558,1644092700,232810974,GPS_Data,42.33718666666667,-71.09029833333334,22.0,327799.7661812309,4689330.816798151,19,T
1644092701.247617,559,1644092701,240060329,GPS_Data,42.33718666666667,-71.09029833333334,22.1,327799.7661812309,4689330.816798151,19,T
1644092702.2410445,560,1644092702,232769489,GPS_Data,42.337185,-71.0903,22.1,327799.6243249602,4689330.635102746,19,T
1644092703.228711,561,1644092703,221301078,GPS_Data,42.337185,-71.0903,22.2,327799.6243249602,4689330.635102746,19,T
1644092704.248942,562,1644092704,240700244,GPS_Data,42.337185,-71.0903,22.2,327799.6243249602,4689330.635102746,19,T
1644092705.2291596,563,1644092705,222111701,GPS_Data,42.337185,-71.09030166666666,22.3,327799.4870180399,4689330.63847799,19,T
1644092706.2279353,564,1644092706,220788240,GPS_Data,42.337185,-71.09030166666666,22.3,327799.4870180399,4689330.63847799,19,T
1644092707.2413714,565,1644092707,234165906,GPS_Data,42.337185,-71.09030166666666,22.4,327799.4870180399,4689330.63847799,19,T
1644092708.2496517,566,1644092708,242395162,GPS_Data,42.337185,-71.09030333333334,22.4,327799.34971111955,4689330.6418532375,19,T
1644092709.2477067,567,1644092709,240458011,GPS_Data,42.337185,-71.09030333333334,22.5,327799.34971111955,4689330.6418532375,19,T
1644092710.2479415,568,1644092710,240603685,GPS_Data,42.337185,-71.09030333333334,22.5,327799.34971111955,4689330.6418532375,19,T
1644092711.22938,569,1644092711,222449064,GPS_Data,42.337185,-71.09030333333334,22.6,327799.34971111955,4689330.6418532375,19,T
1644092712.2299666,570,1644092712,222738504,GPS_Data,42.33718333333333,-71.090305,22.6,327799.2078548323,4689330.4601578405,19,T
1644092713.248732,571,1644092713,241863727,GPS_Data,42.33718333333333,-71.090305,22.7,327799.2078548323,4689330.4601578405,19,T
1644092714.2469678,572,1644092714,239539384,GPS_Data,42.33718333333333,-71.090305,22.7,327799.2078548323,4689330.4601578405,19,T
1644092715.2308965,573,1644092715,223903417,GPS_Data,42.33718333333333,-71.09030666666666,22.8,327799.0705479104,4689330.463533092,19,T
1644092716.2296073,574,1644092716,222655296,GPS_Data,42.33718333333333,-71.09030666666666,22.8,327799.0705479104,4689330.463533092,19,T
1644092717.2280164,575,1644092717,220824718,GPS_Data,42.33718333333333,-71.09030666666666,22.9,327799.0705479104,4689330.463533092,19,T
1644092718.2220209,576,1644092718,214893341,GPS_Data,42.33718333333333,-71.09030666666666,22.9,327799.0705479104,4689330.463533092,19,T
1644092719.230729,577,1644092719,223654747,GPS_Data,42.33718333333333,-71.09030666666666,22.9,327799.0705479104,4689330.463533092,19,T
1644092720.2482717,578,1644092720,240909337,GPS_Data,42.33718333333333,-71.09030833333333,23.0,327798.9332409864,4689330.466908347,19,T
1644092721.2475681,579,1644092721,240039825,GPS_Data,42.33718333333333,-71.09030833333333,23.0,327798.9332409864,4689330.466908347,19,T
1644092722.2279756,580,1644092722,220948219,GPS_Data,42.33718333333333,-71.09030833333333,23.1,327798.9332409864,4689330.466908347,19,T
1644092723.2302597,581,1644092723,223002195,GPS_Data,42.33718333333333,-71.09030833333333,23.1,327798.9332409864,4689330.466908347,19,T
1644092724.221175,582,1644092724,215449094,GPS_Data,42.33718333333333,-71.09031,23.1,327798.79593406233,4689330.470283604,19,T
1644092725.225886,583,1644092725,222741365,GPS_Data,42.33718333333333,-71.09031,23.2,327798.79593406233,4689330.470283604,19,T
1644092726.2289588,584,1644092726,221972227,GPS_Data,42.33718333333333,-71.09031,23.2,327798.79593406233,4689330.470283604,19,T
1644092727.2293477,585,1644092727,222274065,GPS_Data,42.33718166666666,-71.09031,23.3,327798.7913846825,4689330.285212956,19,T
1644092728.2300904,586,1644092728,223084688,GPS_Data,42.33718166666666,-71.09031166666666,23.3,327798.65407775907,4689330.288588217,19,T
1644092729.2294858,587,1644092729,222192525,GPS_Data,42.33718166666666,-71.09031166666666,23.3,327798.65407775907,4689330.288588217,19,T
1644092730.2297232,588,1644092730,222712516,GPS_Data,42.33718166666666,-71.09031166666666,23.4,327798.65407775907,4689330.288588217,19,T
1644092731.2399483,589,1644092731,232751369,GPS_Data,42.33718166666666,-71.09031166666666,23.4,327798.65407775907,4689330.288588217,19,T
1644092732.2235694,590,1644092732,216030120,GPS_Data,42.33718166666666,-71.09031166666666,23.4,327798.65407775907,4689330.288588217,19,T
1644092733.2276335,591,1644092733,222632408,GPS_Data,42.33718166666666,-71.09031333333334,23.5,327798.5167708314,4689330.29196348,19,T
1644092734.2296135,592,1644092734,222658157,GPS_Data,42.33718166666666,-71.09031333333334,23.5,327798.5167708314,4689330.29196348,19,T
1644092735.231185,593,1644092735,223868608,GPS_Data,42.33718166666666,-71.09031333333334,23.5,327798.5167708314,4689330.29196348,19,T
1644092736.2298005,594,1644092736,222958564,GPS_Data,42.33718166666666,-71.09031333333334,23.6,327798.5167708314,4689330.29196348,19,T
1644092737.2244482,595,1644092737,217669486,GPS_Data,42.33718166666666,-71.09031333333334,23.6,327798.5167708314,4689330.29196348,19,T
1644092738.2220058,596,1644092738,214752674,GPS_Data,42.33718166666666,-71.09031333333334,23.6,327798.5167708314,4689330.29196348,19,T
1644092739.2289004,597,1644092739,221699237,GPS_Data,42.33718166666666,-71.09031499999999,23.7,327798.3794639058,4689330.295338745,19,T
1644092740.2297702,598,1644092740,222616434,GPS_Data,42.33718166666666,-71.09031499999999,23.7,327798.3794639058,4689330.295338745,19,T
1644092741.2296674,599,1644092741,222668170,GPS_Data,42.33718166666666,-71.09031499999999,23.7,327798.3794639058,4689330.295338745,19,T
1644092742.2299302,600,1644092742,222630977,GPS_Data,42.33718166666666,-71.09031499999999,23.7,327798.3794639058,4689330.295338745,19,T
1644092743.229531,601,1644092743,224064350,GPS_Data,42.33718166666666,-71.09031499999999,23.8,327798.3794639058,4689330.295338745,19,T
1644092744.2466633,602,1644092744,239497184,GPS_Data,42.33718166666666,-71.09031499999999,23.8,327798.3794639058,4689330.295338745,19,T
1644092745.2287664,603,1644092745,221314191,GPS_Data,42.337180000000004,-71.09031666666667,23.8,327798.237607584,4689330.11364337,19,T
